nodes,original_mod,original_time,standard_mod,standard_time
10,0.003377744417339065,0.003227710723876953,0.0,0.0010480880737304688
50,0.5220887855831036,0.4640390872955322,0.5202809343434344,0.005767345428466797
100,0.6408850502497543,2.888446569442749,0.6461190514298545,0.010984420776367188
250,0.7729836362223532,37.61097955703735,0.7729836362223502,0.034394264221191406
300,0.7896269783583308,64.06081175804138,0.7896269783583465,0.048799753189086914
500,0.819638991392778,228.909517288208,0.8267877890764425,0.07442355155944824
750,0.8614020908522041,578.9250433444977,0.8640237258906179,0.11948633193969727
1000,0.8684822292004956,1752.9041814804077,0.87432836319233,0.17106914520263672
